<?xml version="1.0" encoding="UTF-8"?>
<scenario>
   <world>
      <region name="India">
         <ghgpolicy name="CO2">
            <market>India</market>
             <constraint year="2025">774</constraint>
            <constraint year="2030">939</constraint>
          	<constraint year="2035">782</constraint>
            <constraint year="2040">626</constraint>
            <constraint year="2045">469</constraint>
            <constraint year="2050">313</constraint>
            <constraint year="2055">156</constraint>
            <constraint year="2060">0.001</constraint>
            <constraint year="2065">0.001</constraint>
            <constraint year="2070">0.001</constraint>
            <constraint year="2075">0.001</constraint>
            <constraint year="2080">0.001</constraint>
            <constraint year="2085">0.001</constraint>
            <constraint year="2090">0.001</constraint>
            <constraint year="2095">0.001</constraint>
            <constraint year="2100">0.001</constraint>
         </ghgpolicy>
      </region>
     
   </world>
</scenario>
