<?xml version="1.0" encoding="UTF-8"?>
<scenario>
    <world>
        <region name="India">
            <supplysector name="industrial energy use">
                <subsector name="gas">
                    <interpolation-rule apply-to="share-weight"
                        from-year="2010" to-year="2020">
                        <from-value>0.2</from-value>
                        <to-value>0.2</to-value>
                        <interpolation-function name="fixed"/>
                    </interpolation-rule>
                    <interpolation-rule apply-to="share-weight"
                        from-year="2015" to-year="2055">
                        <from-value>0.2</from-value>
                        <to-value>1</to-value>
                        <interpolation-function name="linear"/>
                    </interpolation-rule>
                    <interpolation-rule apply-to="share-weight"
                        from-year="2050" to-year="2100">
                        <from-value>1</from-value>
                        <to-value>1</to-value>
                        <interpolation-function name="fixed"/>
                    </interpolation-rule>
                </subsector>
                <subsector name="biomass">
                    <interpolation-rule apply-to="share-weight"
                        from-year="2010" to-year="2015">
                        <from-value>1.3</from-value>
                        <to-value>1.3</to-value>
                        <interpolation-function name="fixed"/>
                    </interpolation-rule>
                    <interpolation-rule apply-to="share-weight"
                        from-year="2015" to-year="2055">
                        <from-value>1.3</from-value>
                        <to-value>1</to-value>
                        <interpolation-function name="linear"/>
                    </interpolation-rule>
                    <interpolation-rule apply-to="share-weight"
                        from-year="2050" to-year="2100">
                        <from-value>1</from-value>
                        <to-value>1</to-value>
                        <interpolation-function name="fixed"/>
                    </interpolation-rule>
                </subsector>
                <subsector name="electricity">
                    <interpolation-rule apply-to="share-weight"
                        from-year="2010" to-year="2020">
                        <from-value>7.4</from-value>
                        <to-value>7.4</to-value>
                        <interpolation-function name="fixed"/>
                    </interpolation-rule>
                    <interpolation-rule apply-to="share-weight"
                        from-year="2015" to-year="2025">
                        <from-value>7.4</from-value>
                        <to-value>7.4</to-value>
                        <interpolation-function name="fixed"/>
                    </interpolation-rule>
                    <interpolation-rule apply-to="share-weight"
                        from-year="2020" to-year="2100">
                        <from-value>8.4</from-value>
                        <to-value>6</to-value>
                        <interpolation-function name="linear"/>
                    </interpolation-rule>
                    <interpolation-rule apply-to="share-weight"
                        from-year="2095" to-year="2100">
                        <from-value>6</from-value>
                        <to-value>6</to-value>
                        <interpolation-function name="fixed"/>
                    </interpolation-rule>
                </subsector>
                <subsector name="coal">
                    <interpolation-rule apply-to="share-weight"
                        from-year="2010" to-year="2015">
                        <from-value>0.9</from-value>
                        <to-value>0.9</to-value>
                        <interpolation-function name="fixed"/>
                    </interpolation-rule>
                    <interpolation-rule apply-to="share-weight"
                        from-year="2015" to-year="2050">
                        <from-value>0.9</from-value>
                        <to-value>0.9</to-value>
                        <interpolation-function name="fixed"/>
                    </interpolation-rule>
                    <interpolation-rule apply-to="share-weight"
                        from-year="2050" to-year="2100">
                        <from-value>0.9</from-value>
                        <to-value>0.9</to-value>
                        <interpolation-function name="fixed"/>
                    </interpolation-rule>
                </subsector>
                <subsector name="refined liquids">
                    <interpolation-rule apply-to="share-weight"
                        from-year="2010" to-year="2020">
                        <from-value>1.1</from-value>
                        <to-value>1.1</to-value>
                        <interpolation-function name="fixed"/>
                    </interpolation-rule>
                    <interpolation-rule apply-to="share-weight"
                        from-year="2015" to-year="2055">
                        <from-value>1.1</from-value>
                        <to-value>1</to-value>
                        <interpolation-function name="fixed"/>
                    </interpolation-rule>
                    <interpolation-rule apply-to="share-weight"
                        from-year="2050" to-year="2100">
                        <from-value>1</from-value>
                        <to-value>1</to-value>
                        <interpolation-function name="fixed"/>
                    </interpolation-rule>
                </subsector>
                <subsector name="hydrogen">
                    <interpolation-rule apply-to="share-weight"
                        from-year="2010" to-year="2020">
                        <from-value>0</from-value>
                        <to-value>0</to-value>
                        <interpolation-function name="fixed"/>
                    </interpolation-rule>
                    <interpolation-rule apply-to="share-weight"
                        from-year="2015" to-year="2055">
                        <from-value>0</from-value>
                        <to-value>.85</to-value>
                        <interpolation-function name="linear"/>
                    </interpolation-rule>
                    <interpolation-rule apply-to="share-weight"
                        from-year="2050" to-year="2100">
                        <from-value>.8</from-value>
                        <to-value>1</to-value>
                        <interpolation-function name="fixed"/>
                    </interpolation-rule>
                </subsector>
            </supplysector>
            <supplysector name="agriculture energy use">
                <subsector name="refined liquids">
                    <interpolation-rule apply-to="share-weight"
                        from-year="2010" to-year="2020">
                        <from-value>0.1</from-value>
                        <to-value>0.1</to-value>
                        <interpolation-function name="fixed"/>
                    </interpolation-rule>
                    <interpolation-rule apply-to="share-weight"
                        from-year="2015" to-year="2025">
                        <from-value>0.1</from-value>
                        <to-value>0.1</to-value>
                        <interpolation-function name="fixed"/>
                    </interpolation-rule>
                    <interpolation-rule apply-to="share-weight"
                        from-year="2020" to-year="2100">
                        <from-value>0.1</from-value>
                        <to-value>0.05</to-value>
                        <interpolation-function name="linear"/>
                    </interpolation-rule>
                    <interpolation-rule apply-to="share-weight"
                        from-year="2095" to-year="2100">
                        <from-value>0.05</from-value>
                        <to-value>0.05</to-value>
                        <interpolation-function name="fixed"/>
                    </interpolation-rule>
                </subsector>
            </supplysector>
        </region>
    </world>
</scenario>
